# game7_feed_aliases.csv — Story 2.8 (curation route, option A): era-code aliases for
#   the nba.com `leaguegamelog` feed, approved by the owner before they are used.
#
# Why this file exists. The feed names some franchises by a code this repo's `teams`
#   table does not hold — `CIN`, `STL`, `GOS`, `UTH`, `WAS` for a 1970s Bullets series,
#   `SAN`, `CHH`. The depth drill of 2026-10-01 proved the feed itself answers seasons
#   back to 1962-63, so those rows are a NAMING gap, not missing data: the year matches,
#   one side of the pair matches a curated slot exactly, and the unmapped code occupies
#   the other slot. Aliasing closes it without a second source.
#
# How an alias is allowed to fire (enforced in venueBackfill.ts, tested). Rules 1-3
#   govern the MATCHING pass — deciding which curated row a feed season answers. The
#   probe's later, per-code use of this table is governed by the slot-aware rule
#   spelled out after rule 3, and its trigger is different: a code from a series that
#   HAS matched.
#   1. Direct matching happens first, over every series in the season. A pair that
#      matches a curated row without substitution wins, and claims that row.
#   2. An alias is consulted only for a series that matched NOTHING, and only against
#      rows no direct match claimed.
#   3. After substitution, exactly one row may remain. Zero is unmatched; two or more is
#      AMBIGUOUS and is never guessed — the probe prints it for you instead.
# Rule 1 keeps the MATCH safe: the 2017 Celtics-Wizards row matches directly and is
#   never reinterpreted as the 1970s Bullets. Since Story 2.12 the same rule governs
#   the probe's POST-match use of resolveFeedCode on the home/winner codes: the
#   resolver is slot-aware — a feed code that already names one of the matched row's
#   two abbreviations is used verbatim and this table is consulted only when it names
#   neither — so the WAS->WSB row cannot shadow the live Wizards abbreviation. The
#   context-free collision that used to refuse a correct paste target (deferred-work
#   P3-1, "Story 2.8 build + review" section) is closed by that change (Story 2.12,
#   built and reviewed 2026-10-04).
#
# Columns: feed_abbr,teams_abbr,evidence
#   feed_abbr  — the code the feed prints
#   teams_abbr — the abbreviation the archive holds (must be one of the 59 in 00005+00007)
#   evidence   — the season, the opposing side, and the curated row it resolves to
#
# Audited by the owner on 2026-10-01; each row is derived from that day's probe output
# (scripts/probe-game7-venues.mjs --season=…), quoted verbatim in the evidence column.
# Nothing here is a guess about franchise history: every mapping is the only curated row
# for that year that the opposing side leaves standing.
feed_abbr,teams_abbr,evidence
CIN,CNR,1962-63 game 7 BOS vs CIN resolves to curated row 1963 BOS vs CNR (csv:51) — opposing side BOS matches and CNR is the only unclaimed 1963 row holding it
STL,SLH,1962-63 game 7 LAL vs STL resolves to curated row 1963 LAL vs SLH (csv:52) — opposing side LAL matches and SLH is the only unclaimed 1963 row holding it
WAS,WSB,1975-76 game 7 CLE vs WAS resolves to curated row 1976 CLE vs WSB (csv:88) — opposing side CLE matches; no 1976 curated row holds WAS, so the direct pass cannot claim it
GOS,GSW,1975-76 game 7 GOS vs PHX resolves to curated row 1976 PHX vs GSW (csv:91) — opposing side PHX matches and GSW is the only unclaimed 1976 row holding it; this is also the row whose HOME side is the aliased code
UTH,UTA,1987-88 game 7 LAL vs UTH resolves to curated row 1988 LAL vs UTA (csv:114) — the direct pass already claimed 1988 LAL vs DAL (csv:112) and 1988 LAL vs DET (csv:113), leaving UTA as the only unclaimed 1988 row with LAL
CHH,CHA,2000-01 game 7 MIL vs CHH resolves to curated row 2001 MIL vs CHA (csv:135) — the only unclaimed row for that year holding MIL; owner confirmed the venue from a reference (May 20, 2001, Bradley Center, Charlotte 95 at Milwaukee 104)
BOM,SLB,1948 game 7 PHW vs BOM resolves to curated row 1948 PHW vs SLB (csv:43) — the only unclaimed row for that year holding PHW
ROC,ROR,1951 game 7 ROC vs NYK resolves to curated row 1951 ROR vs NYK (csv:44) — the only unclaimed row for that year holding NYK
MNL,MPL,1952 game 7 MNL vs NYK resolves to curated row 1952 MPL vs NYK (csv:45) and 1954 game 7 MNL vs SYR to 1954 MPL vs SYR (csv:46)
FTW,FWP,1955 game 7 SYR vs FTW resolves to curated row 1955 SYR vs FWP (csv:47) — the only unclaimed row for that year holding SYR
PHL,PHI,1965 game 7 BOS vs PHL resolves to curated row 1965 BOS vs PHI (csv:58) and the same code recurs at csv:61, 97, 105, 108, 109, 112
BLT,BLB,1970 game 7 NYK vs BLT resolves to curated row 1970 NYK vs BLB (csv:70) and 1971 game 7 BLT vs NYK to 1971 BLB vs NYK (csv:72)
CAP,CPB,1974 game 7 NYK vs CAP resolves to curated row 1974 NYK vs CPB (csv:87) — the only unclaimed row for that year holding NYK
SAN,SAS,1981 game 7 SAN vs HOU resolves to curated row 1981 HOU vs SAS (csv:106) and 1990 game 7 POR vs SAN to 1990 POR vs SAS (csv:120)
